id,text
pts-0-0,"Love all."
pts-0-15,"Love fifteen."
pts-0-30,"Love thirty."
pts-0-40,"Love forty."
pts-15-0,"Fifteen love."
pts-15-15,"Fifteen all."
pts-15-30,"Fifteen thirty."
pts-15-40,"Fifteen forty."
pts-30-0,"Thirty love."
pts-30-15,"Thirty fifteen."
pts-30-30,"Thirty all."
pts-30-40,"Thirty forty."
pts-40-0,"Forty love."
pts-40-15,"Forty fifteen."
pts-40-30,"Forty thirty."
pts-40-40,"Deuce."
adv-server,"Advantage server."
adv-receiver,"Advantage receiver."
tb-0-0,"Zero all."
tb-0-1,"Zero one."
tb-0-2,"Zero two."
tb-0-3,"Zero three."
tb-0-4,"Zero four."
tb-0-5,"Zero five."
tb-0-6,"Zero six."
tb-0-7,"Zero seven."
tb-1-0,"One zero."
tb-1-1,"One all."
tb-1-2,"One two."
tb-1-3,"One three."
tb-1-4,"One four."
tb-1-5,"One five."
tb-1-6,"One six."
tb-1-7,"One seven."
tb-2-0,"Two zero."
tb-2-1,"Two one."
tb-2-2,"Two all."
tb-2-3,"Two three."
tb-2-4,"Two four."
tb-2-5,"Two five."
tb-2-6,"Two six."
tb-2-7,"Two seven."
tb-3-0,"Three zero."
tb-3-1,"Three one."
tb-3-2,"Three two."
tb-3-3,"Three all."
tb-3-4,"Three four."
tb-3-5,"Three five."
tb-3-6,"Three six."
tb-3-7,"Three seven."
tb-4-0,"Four zero."
tb-4-1,"Four one."
tb-4-2,"Four two."
tb-4-3,"Four three."
tb-4-4,"Four all."
tb-4-5,"Four five."
tb-4-6,"Four six."
tb-4-7,"Four seven."
tb-5-0,"Five zero."
tb-5-1,"Five one."
tb-5-2,"Five two."
tb-5-3,"Five three."
tb-5-4,"Five four."
tb-5-5,"Five all."
tb-5-6,"Five six."
tb-5-7,"Five seven."
tb-6-0,"Six zero."
tb-6-1,"Six one."
tb-6-2,"Six two."
tb-6-3,"Six three."
tb-6-4,"Six four."
tb-6-5,"Six five."
tb-6-6,"Six all."
tb-6-7,"Six seven."
tb-7-0,"Seven zero."
tb-7-1,"Seven one."
tb-7-2,"Seven two."
tb-7-3,"Seven three."
tb-7-4,"Seven four."
tb-7-5,"Seven five."
tb-7-6,"Seven six."
tb-7-7,"Seven all."
n-0,"zero"
n-1,"one"
n-2,"two"
n-3,"three"
n-4,"four"
n-5,"five"
n-6,"six"
n-7,"seven"
n-8,"eight"
n-9,"nine"
n-10,"ten"
n-11,"eleven"
n-12,"twelve"
n-13,"thirteen"
n-14,"fourteen"
n-15,"fifteen"
n-16,"sixteen"
n-17,"seventeen"
n-18,"eighteen"
n-19,"nineteen"
n-20,"twenty"
n-21,"twenty-one"
n-22,"twenty-two"
n-23,"twenty-three"
n-24,"twenty-four"
n-25,"twenty-five"
n-26,"twenty-six"
n-27,"twenty-seven"
n-28,"twenty-eight"
n-29,"twenty-nine"
n-30,"thirty"
n-31,"thirty-one"
n-32,"thirty-two"
n-33,"thirty-three"
n-34,"thirty-four"
n-35,"thirty-five"
n-36,"thirty-six"
n-37,"thirty-seven"
n-38,"thirty-eight"
n-39,"thirty-nine"
n-40,"forty"
all,"all"
love,"love"
games-1-0,"one game to love."
games-all-1,"One game all."
games-2-0,"two games to love."
games-2-1,"two games to one."
games-all-2,"Two games all."
games-3-0,"three games to love."
games-3-1,"three games to one."
games-3-2,"three games to two."
games-all-3,"Three games all."
games-4-0,"four games to love."
games-4-1,"four games to one."
games-4-2,"four games to two."
games-4-3,"four games to three."
games-all-4,"Four games all."
games-5-0,"five games to love."
games-5-1,"five games to one."
games-5-2,"five games to two."
games-5-3,"five games to three."
games-5-4,"five games to four."
games-all-5,"Five games all."
games-6-0,"six games to love."
games-6-1,"six games to one."
games-6-2,"six games to two."
games-6-3,"six games to three."
games-6-4,"six games to four."
games-6-5,"six games to five."
games-all-6,"Six games all."
games-7-0,"seven games to love."
games-7-1,"seven games to one."
games-7-2,"seven games to two."
games-7-3,"seven games to three."
games-7-4,"seven games to four."
games-7-5,"seven games to five."
games-7-6,"seven games to six."
games-all-7,"Seven games all."
games-to,"games to"
game-to,"game to"
games-all,"games all."
sets-1-0,"one set to love."
sets-2-0,"two sets to love."
sets-2-1,"two sets to one."
sets-all-1,"One set all."
sets-all-2,"Two sets all."
team-red,"Red team."
team-blue,"Blue team."
advantage,"Advantage,"
game-named,"Game,"
set-named,"Set,"
game-and-set-named,"Game and set,"
game-set-match-named,"Game, set and match,"
games-1-0-named,"One game to love,"
games-2-0-named,"Two games to love,"
games-2-1-named,"Two games to one,"
games-3-0-named,"Three games to love,"
games-3-1-named,"Three games to one,"
games-3-2-named,"Three games to two,"
games-4-0-named,"Four games to love,"
games-4-1-named,"Four games to one,"
games-4-2-named,"Four games to two,"
games-4-3-named,"Four games to three,"
games-5-0-named,"Five games to love,"
games-5-1-named,"Five games to one,"
games-5-2-named,"Five games to two,"
games-5-3-named,"Five games to three,"
games-5-4-named,"Five games to four,"
games-6-0-named,"Six games to love,"
games-6-1-named,"Six games to one,"
games-6-2-named,"Six games to two,"
games-6-3-named,"Six games to three,"
games-6-4-named,"Six games to four,"
games-6-5-named,"Six games to five,"
games-7-0-named,"Seven games to love,"
games-7-1-named,"Seven games to one,"
games-7-2-named,"Seven games to two,"
games-7-3-named,"Seven games to three,"
games-7-4-named,"Seven games to four,"
games-7-5-named,"Seven games to five,"
games-7-6-named,"Seven games to six,"
sets-1-0-named,"One set to love,"
sets-2-0-named,"Two sets to love,"
sets-2-1-named,"Two sets to one,"
leads-server,"Server leads"
leads-receiver,"Receiver leads"
game,"Game."
set,"Set."
game-and-set,"Game and set."
game-set-match,"Game, set and match."
tie-break,"Tie-break."
correction,"Correction."
break-point,"Break point."
set-point,"Set point."
match-point,"Match point."
